INSERT INTO startup (startup_id, name, category, progress, investment_start_date, investment_target_deadline, goal_coin, current_coin, wallet_id)
VALUES
    (1, '두잇', '푸드/농업', 25, '2024-11-01 23:59:59', '2024-11-04 23:59:59', 1000, 200, 1),
    (2, '리클', '커머스', 50, '2024-12-01 23:59:59', '2024-12-20 23:59:59', 1500, 300, 2),
    (3, '바인드', '패션', 10, '2024-12-15 23:59:59', '2024-12-20 23:59:59', 1200, 400, 3),
    (4, '뉴닉', '콘텐츠/예술', 70, '2024-12-20 23:59:59', '2024-12-31 23:59:59', 2000, 500, 4),
    (5, '라프텔', '콘텐츠/예술', 90, '2024-12-31 23:59:59', '2025-01-15 23:59:59', 2500, 600, 5),
    (6, '아정네트웍스', '통신보안/데이터', 35, '2025-01-31 23:59:59', '2025-02-10 23:59:59', 3000, 700, 6);

INSERT INTO startup_details (
    startup_id,
    description,
    investment_status,
    investment_round,
    address,
    ceo_name,
    page,
    establishment_date,
    contract_period,
    expected_roi,
    roi)
VALUES
    (1, '두잇 스타트업 소개', '비상장', 'Seed', '서울 관악구 남부순환로 1925, 401호', '이윤석', 'https://doeat.io/', '2022-04-26', 12, 15.5, NULL),
    (2, '리클 스타트업 소개', '비상장', 'Series A', '경기 남양주시 오남읍 양지로 338-8, 2층', '양수빈', 'https://recl.co.kr/', '2021-11-12', 24, 20.0, NULL),
    (3, '바인드 스타트업 소개', '비상장', 'Seed', '울산 남구 대공원로99번길 20-1, 205호', '김시화', 'https://athler.kr/home', '2022-06-10', 6, 12.5, NULL),
    (4, '뉴닉 스타트업 소개', '비상장', 'Series A', '서울 마포구 어울마당로 35, 5층', '김소연', 'https://newneek.co/', '2018-07-09', 36, 25.0, NULL),
    (5, '라프텔 스타트업 소개', '비상장', 'Seed', '서울 영등포구 국제금융로 10, 13', '김범준', 'https://laftel.net/', '2021-12-10', 18, 18.5, NULL),
    (6, '아정네트웍스 스타트업 소개', '비상장', 'Series A', '부산 북구 만덕대로 117', '김민기', 'https://www.ajd.co.kr/', '2021-05-03', 24, 22.0, NULL);


INSERT INTO ssi (ssi_id, eval_date, eval_description, people_grade, performance_grade, potential_grade, product_grade, startup_id)
VALUES
    (1, '2024-11-14 10:00:00', '두잇 스타트업의 상세 평가', '양호', '우수', '보통', '보통', 1),
    (2, '2024-11-15 10:00:00', '리클 스타트업의 상세 평가', '보통', '우수', '우수', '양호', 2),
    (3, '2024-11-16 10:00:00', '바인드 스타트업의 상세 평가', '보통', '보통', '양호', '우수', 3),
    (4, '2024-11-17 10:00:00', '뉴닉 스타트업의 상세 평가', '우수', '우수', '양호', '보통', 4),
    (5, '2024-11-18 10:00:00', '라프텔 스타트업의 상세 평가', '우수', '우수', '우수', '우수', 5),
    (6, '2024-11-19 10:00:00', '아정네트웍스 스타트업의 상세 평가', '보통', '양호', '보통', '보통', 6);